[
    {
        "filename": "icons8-perplexity-ai-100.png",
        "status": "Genuine",
        "confidence": 97,
        "risk_score": 3.0,
        "hash": "e395f93fc0a5b001d02af8a93ca2e6cd176de7bc691bc6e539c395ecdf25584f",
        "timestamp": "2026-02-23 15:30:59.307495"
    },
    {
        "filename": "icons8-shield-48.png",
        "status": "Genuine",
        "confidence": 96,
        "risk_score": 4.0,
        "hash": "dfef58ad7ff091ce5990da62201c28cc5cb9e612c8f58501220b8c1eddb0af5f",
        "timestamp": "2026-02-23 17:03:14.306560"
    },
    {
        "filename": "icons8-check-mark-100.png",
        "status": "Genuine",
        "confidence": 99,
        "risk_score": 1.0,
        "hash": "d4006a0b3985afee940af222e7f6fbf8dbc889a4e2e5338f967d9288432d27fb",
        "timestamp": "2026-02-23 17:06:09.432617"
    },
    {
        "filename": "KRISHNAMOORTHY.G_Resume.pdf",
        "status": "Genuine",
        "confidence": 99,
        "risk_score": 1.0,
        "hash": "d2d49893c161d120ababb6b5f227a545fc2965f582195915cf745e2eecc2938c",
        "timestamp": "2026-02-23 19:15:30.747738"
    },
    {
        "filename": "icons8-check-mark-100.png",
        "status": "Genuine",
        "confidence": 99,
        "risk_score": 1.0,
        "hash": "d4006a0b3985afee940af222e7f6fbf8dbc889a4e2e5338f967d9288432d27fb",
        "timestamp": "2026-02-23 19:24:55.048788"
    },
    {
        "filename": "th_fri.jpg",
        "status": "Genuine",
        "confidence": 100,
        "risk_score": 0.0,
        "hash": "85befb25bf6058e52d2e3755635059f2efe3f1b8fe17d462a524a9919f1a4d05",
        "timestamp": "2026-02-23 19:25:28.212512"
    },
    {
        "filename": "KRISHNAMOORTHY.G_Resume.pdf",
        "status": "Genuine",
        "confidence": 99,
        "risk_score": 1.0,
        "hash": "d2d49893c161d120ababb6b5f227a545fc2965f582195915cf745e2eecc2938c",
        "timestamp": "2026-02-23 22:30:09.360003"
    },
    {
        "filename": "KRISHNAMOORTHY.G_Resume.pdf",
        "status": "Genuine",
        "confidence": 99,
        "risk_score": 1.0,
        "hash": "d2d49893c161d120ababb6b5f227a545fc2965f582195915cf745e2eecc2938c",
        "timestamp": "2026-02-23 22:30:10.215172"
    },
    {
        "filename": "KRISHNAMOORTHY.G_Resume.pdf",
        "status": "Genuine",
        "confidence": 99,
        "risk_score": 1.0,
        "hash": "d2d49893c161d120ababb6b5f227a545fc2965f582195915cf745e2eecc2938c",
        "timestamp": "2026-02-23 22:30:12.448977"
    },
    {
        "filename": "th_fri.jpg",
        "status": "Genuine",
        "confidence": 100,
        "risk_score": 0.0,
        "hash": "85befb25bf6058e52d2e3755635059f2efe3f1b8fe17d462a524a9919f1a4d05",
        "timestamp": "2026-02-23 22:31:19.474728"
    },
    {
        "filename": "th_fri.jpg",
        "status": "Genuine",
        "confidence": 100,
        "risk_score": 0.0,
        "hash": "85befb25bf6058e52d2e3755635059f2efe3f1b8fe17d462a524a9919f1a4d05",
        "timestamp": "2026-02-23 22:34:11.191786"
    },
    {
        "filename": "th_fri.jpg",
        "status": "Genuine",
        "confidence": 100,
        "risk_score": 0.0,
        "hash": "85befb25bf6058e52d2e3755635059f2efe3f1b8fe17d462a524a9919f1a4d05",
        "timestamp": "2026-02-23 22:41:16.694583"
    },
    {
        "filename": "th_fri.jpg",
        "status": "Genuine",
        "confidence": 100,
        "risk_score": 0.0,
        "hash": "85befb25bf6058e52d2e3755635059f2efe3f1b8fe17d462a524a9919f1a4d05",
        "timestamp": "2026-02-23 22:41:20.110261"
    },
    {
        "filename": "KRISHNAMOORTHY.G_Resume.pdf",
        "status": "Genuine",
        "confidence": 99,
        "risk_score": 1.0,
        "hash": "d2d49893c161d120ababb6b5f227a545fc2965f582195915cf745e2eecc2938c",
        "timestamp": "2026-02-24 00:40:46.079225"
    },
    {
        "filename": "th_fri.jpg",
        "status": "Genuine",
        "confidence": 100,
        "risk_score": 0.0,
        "hash": "85befb25bf6058e52d2e3755635059f2efe3f1b8fe17d462a524a9919f1a4d05",
        "timestamp": "2026-02-24 00:44:33.739084"
    },
    {
        "filename": "KRISHNAMOORTHY.G_Resume.pdf",
        "status": "Genuine",
        "confidence": 99,
        "risk_score": 1.0,
        "hash": "d2d49893c161d120ababb6b5f227a545fc2965f582195915cf745e2eecc2938c",
        "timestamp": "2026-02-24 07:53:41.701009"
    },
    {
        "filename": "KRISHNAMOORTHY.G_1.pdf",
        "status": "Genuine",
        "confidence": 99,
        "risk_score": 1.0,
        "hash": "ed91f24d261ec8f4d0c5590f220d060195c63816e7a52b26243452daa91f26d4",
        "timestamp": "2026-02-24 08:06:53.126218"
    },
    {
        "filename": "KRISHNAMOORTHY.G_Resume.pdf",
        "status": "Genuine",
        "confidence": 99,
        "risk_score": 1.0,
        "hash": "d2d49893c161d120ababb6b5f227a545fc2965f582195915cf745e2eecc2938c",
        "timestamp": "2026-02-24 08:07:53.225068"
    },
    {
        "filename": "KRISHNAMOORTHY.G_1.pdf",
        "status": "Genuine",
        "confidence": 99,
        "risk_score": 1.0,
        "hash": "ed91f24d261ec8f4d0c5590f220d060195c63816e7a52b26243452daa91f26d4",
        "timestamp": "2026-02-24 08:14:47.319043"
    },
    {
        "filename": "KRISHNAMOORTHY.G_Resume.pdf",
        "status": "Genuine",
        "confidence": 99,
        "risk_score": 1.0,
        "hash": "d2d49893c161d120ababb6b5f227a545fc2965f582195915cf745e2eecc2938c",
        "timestamp": "2026-02-24 08:15:43.068010"
    },
    {
        "filename": "KRISHNAMOORTHY.G_Resume.pdf",
        "status": "Genuine",
        "confidence": 99,
        "risk_score": 1.0,
        "hash": "d2d49893c161d120ababb6b5f227a545fc2965f582195915cf745e2eecc2938c",
        "timestamp": "2026-02-24 08:19:48.094664"
    },
    {
        "filename": "KRISHNAMOORTHY.G_1.pdf",
        "status": "Genuine",
        "confidence": 99,
        "risk_score": 1.0,
        "hash": "ed91f24d261ec8f4d0c5590f220d060195c63816e7a52b26243452daa91f26d4",
        "timestamp": "2026-02-24 08:30:50.759204"
    },
    {
        "filename": "KRISHNAMOORTHY.G_Resume.pdf",
        "status": "Genuine",
        "confidence": 99,
        "risk_score": 1.0,
        "hash": "d2d49893c161d120ababb6b5f227a545fc2965f582195915cf745e2eecc2938c",
        "timestamp": "2026-02-24 08:33:28.306611"
    },
    {
        "filename": "KRISHNAMOORTHY.G_1.pdf",
        "status": "Genuine",
        "confidence": 99,
        "risk_score": 1.0,
        "hash": "82cd50ae7dda7e7565107995bcd94f0f869691d60a95b21ecf65dc277f3c2012",
        "timestamp": "2026-02-24 08:39:04.413894"
    },
    {
        "filename": "KRISHNAMOORTHY.G_1.pdf",
        "status": "Genuine",
        "confidence": 99,
        "risk_score": 1.0,
        "hash": "82cd50ae7dda7e7565107995bcd94f0f869691d60a95b21ecf65dc277f3c2012",
        "timestamp": "2026-02-24 08:49:24.042599"
    },
    {
        "filename": "KRISHNAMOORTHY.G_1.pdf",
        "status": "Genuine",
        "confidence": 99,
        "risk_score": 1.0,
        "hash": "82cd50ae7dda7e7565107995bcd94f0f869691d60a95b21ecf65dc277f3c2012",
        "timestamp": "2026-02-24 09:14:43.997473"
    }
]